b4:a9:fc:02:bc:74,172.30.20.150,,,,
b4:a9:fc:02:bc:87,172.30.20.151,,,,
b4:a9:fc:02:bd:05,172.30.20.152,,,,
b4:a9:fc:02:bd:13,172.30.20.153,,,,
b4:a9:fc:02:bd:3c,172.30.20.154,,,,
b4:a9:fc:02:be:8f,172.30.20.155,,,,
b4:a9:fc:02:be:fe,172.30.20.156,,,,
b4:a9:fc:02:bf:27,172.30.20.157,,,,
b4:a9:fc:02:bf:2b,172.30.20.158,,,,
b4:a9:fc:02:bf:31,172.30.20.159,,,,
b4:a9:fc:02:bf:3b,172.30.20.160,,,,
b4:a9:fc:02:bf:3d,172.30.20.161,,,,
b4:a9:fc:02:bf:44,172.30.20.162,,,,
b4:a9:fc:02:bf:6d,172.30.20.163,,,,
b4:a9:fc:02:c0:38,172.30.20.164,,,,
b4:a9:fc:02:c0:3a,172.30.20.165,,,,
b4:a9:fc:02:c0:6d,172.30.20.166,,,,
